{"cameraMode":{"drawMode":0,"name":"Shaded","section":"Shading Mode"},"sceneLighting":true,"audioPlay":false,"sceneViewState":{"m_AlwaysRefresh":false,"showFog":true,"showSkybox":true,"showFlares":true,"showImageEffects":true,"showParticleSystems":true,"showVisualEffectGraphs":true,"m_FxEnabled":true},"in2DMode":false,"pivot":{"x":-21.508724212646486,"y":13.062634468078614,"z":60.11178207397461},"rotation":{"x":0.07818961143493653,"y":0.8456001877784729,"z":-0.12834346294403077,"w":0.5128005743026733},"size":12.268471717834473,"orthographic":false}