{"cameraMode":{"drawMode":0,"name":"Shaded","section":"Shading Mode"},"sceneLighting":false,"audioPlay":false,"sceneViewState":{"m_AlwaysRefresh":false,"showFog":true,"showSkybox":false,"showFlares":true,"showImageEffects":true,"showParticleSystems":true,"showVisualEffectGraphs":true,"m_FxEnabled":true},"in2DMode":false,"pivot":{"x":-0.5510014891624451,"y":0.15400275588035584,"z":-0.12050141394138336},"rotation":{"x":0.1231762245297432,"y":0.24141860008239747,"z":-0.03086308389902115,"w":0.9622266292572022},"size":1.3816488981246949,"orthographic":false}