{"cameraMode":{"drawMode":0,"name":"Shaded","section":"Shading Mode"},"sceneLighting":false,"audioPlay":false,"sceneViewState":{"m_AlwaysRefresh":false,"showFog":true,"showSkybox":false,"showFlares":true,"showImageEffects":true,"showParticleSystems":true,"showVisualEffectGraphs":true,"m_FxEnabled":true},"in2DMode":false,"pivot":{"x":-1.3233270645141602,"y":-0.21642136573791505,"z":46.90081024169922},"rotation":{"x":0.013829588890075684,"y":0.8299285769462586,"z":-0.5578606128692627,"w":0.020448999479413034},"size":1.29396653175354,"orthographic":false}